bgc_id	bgc_source	bgc_url	bgc_species	bgc_ncbi_taxon	gene_id	gene_iri	pathway_id	pathway_title	pathway_iri	link_type
mibig:BGC0000669	MIBIG	https://mibig.secondarymetabolites.org/repository/BGC0000669	Arabidopsis thaliana	3702	AT5G42600	https://identifiers.org/tair.name/AT5G42600	PC1079_r17.0.0_20260203162556	marneral biosynthesis	http://rdf-plantmetwiki.bioinformatics.nl/pathways/PC1079_r17.0.0_20260203162556	direct_gene_ispartof
mibig:BGC0000670	MIBIG	https://mibig.secondarymetabolites.org/repository/BGC0000670	Arabidopsis thaliana	3702	AT5G47990	https://identifiers.org/tair.name/AT5G47990	PC800_r17.0.0_20260203162556	thalianol and derivatives biosynthesis	http://rdf-plantmetwiki.bioinformatics.nl/pathways/PC800_r17.0.0_20260203162556	direct_gene_ispartof
mibig:BGC0000670	MIBIG	https://mibig.secondarymetabolites.org/repository/BGC0000670	Arabidopsis thaliana	3702	AT5G48000	https://identifiers.org/tair.name/AT5G48000	PC800_r17.0.0_20260203162556	thalianol and derivatives biosynthesis	http://rdf-plantmetwiki.bioinformatics.nl/pathways/PC800_r17.0.0_20260203162556	direct_gene_ispartof
mibig:BGC0000670	MIBIG	https://mibig.secondarymetabolites.org/repository/BGC0000670	Arabidopsis thaliana	3702	AT5G48010	https://identifiers.org/tair.name/AT5G48010	PC800_r17.0.0_20260203162556	thalianol and derivatives biosynthesis	http://rdf-plantmetwiki.bioinformatics.nl/pathways/PC800_r17.0.0_20260203162556	direct_gene_ispartof
mibig:BGC0001313	MIBIG	https://mibig.secondarymetabolites.org/repository/BGC0001313	Arabidopsis thaliana	3702	AT4G15340	https://identifiers.org/tair.name/AT4G15340	PC169_r17.0.0_20260203162556	(3E)-4,8-dimethylnona-1,3,7-triene biosynthesis II	http://rdf-plantmetwiki.bioinformatics.nl/pathways/PC169_r17.0.0_20260203162556	direct_gene_ispartof
mibig:BGC0001313	MIBIG	https://mibig.secondarymetabolites.org/repository/BGC0001313	Arabidopsis thaliana	3702	AT4G15370	https://identifiers.org/tair.name/AT4G15370	PC888_r17.0.0_20260203162556	baruol biosynthesis	http://rdf-plantmetwiki.bioinformatics.nl/pathways/PC888_r17.0.0_20260203162556	direct_gene_ispartof
mibig:BGC0002397	MIBIG	https://mibig.secondarymetabolites.org/repository/BGC0002397	Arabidopsis thaliana	3702	AT3G32040	https://identifiers.org/tair.name/AT3G32040	PC634_r17.0.0_20260203162556	taxadiene biosynthesis (engineered)	http://rdf-plantmetwiki.bioinformatics.nl/pathways/PC634_r17.0.0_20260203162556	direct_gene_ispartof
mibig:BGC0002397	MIBIG	https://mibig.secondarymetabolites.org/repository/BGC0002397	Arabidopsis thaliana	3702	AT3G32040	https://identifiers.org/tair.name/AT3G32040	PC691_r17.0.0_20260203162556	geranylgeranyl pyrophosphate biosynthesis	http://rdf-plantmetwiki.bioinformatics.nl/pathways/PC691_r17.0.0_20260203162556	direct_gene_ispartof
mibig:BGC0002397	MIBIG	https://mibig.secondarymetabolites.org/repository/BGC0002397	Arabidopsis thaliana	3702	AT3G32040	https://identifiers.org/tair.name/AT3G32040	PC721_r17.0.0_20260203162556	superpathway of phylloquinol biosynthesis	http://rdf-plantmetwiki.bioinformatics.nl/pathways/PC721_r17.0.0_20260203162556	direct_gene_ispartof
mibig:BGC0002397	MIBIG	https://mibig.secondarymetabolites.org/repository/BGC0002397	Arabidopsis thaliana	3702	AT3G32040	https://identifiers.org/tair.name/AT3G32040	PC743_r17.0.0_20260203162556	superpathway of geranylgeranyl pyrophosphate biosynthesis II (via MEP)	http://rdf-plantmetwiki.bioinformatics.nl/pathways/PC743_r17.0.0_20260203162556	direct_gene_ispartof
mibig:BGC0002397	MIBIG	https://mibig.secondarymetabolites.org/repository/BGC0002397	Arabidopsis thaliana	3702	AT3G32040	https://identifiers.org/tair.name/AT3G32040	PC835_r17.0.0_20260203162556	superpathway of geranylgeranylpyrophosphate biosynthesis I (via mevalonate)	http://rdf-plantmetwiki.bioinformatics.nl/pathways/PC835_r17.0.0_20260203162556	direct_gene_ispartof
mibig:BGC0002397	MIBIG	https://mibig.secondarymetabolites.org/repository/BGC0002397	Arabidopsis thaliana	3702	AT3G32040	https://identifiers.org/tair.name/AT3G32040	PC859_r17.0.0_20260203162556	plaunotol biosynthesis	http://rdf-plantmetwiki.bioinformatics.nl/pathways/PC859_r17.0.0_20260203162556	direct_gene_ispartof
mibig:BGC0002398	MIBIG	https://mibig.secondarymetabolites.org/repository/BGC0002398	Arabidopsis thaliana	3702	AT3G29430	https://identifiers.org/tair.name/AT3G29430	PC634_r17.0.0_20260203162556	taxadiene biosynthesis (engineered)	http://rdf-plantmetwiki.bioinformatics.nl/pathways/PC634_r17.0.0_20260203162556	direct_gene_ispartof
mibig:BGC0002398	MIBIG	https://mibig.secondarymetabolites.org/repository/BGC0002398	Arabidopsis thaliana	3702	AT3G29430	https://identifiers.org/tair.name/AT3G29430	PC691_r17.0.0_20260203162556	geranylgeranyl pyrophosphate biosynthesis	http://rdf-plantmetwiki.bioinformatics.nl/pathways/PC691_r17.0.0_20260203162556	direct_gene_ispartof
mibig:BGC0002398	MIBIG	https://mibig.secondarymetabolites.org/repository/BGC0002398	Arabidopsis thaliana	3702	AT3G29430	https://identifiers.org/tair.name/AT3G29430	PC721_r17.0.0_20260203162556	superpathway of phylloquinol biosynthesis	http://rdf-plantmetwiki.bioinformatics.nl/pathways/PC721_r17.0.0_20260203162556	direct_gene_ispartof
mibig:BGC0002398	MIBIG	https://mibig.secondarymetabolites.org/repository/BGC0002398	Arabidopsis thaliana	3702	AT3G29430	https://identifiers.org/tair.name/AT3G29430	PC743_r17.0.0_20260203162556	superpathway of geranylgeranyl pyrophosphate biosynthesis II (via MEP)	http://rdf-plantmetwiki.bioinformatics.nl/pathways/PC743_r17.0.0_20260203162556	direct_gene_ispartof
mibig:BGC0002398	MIBIG	https://mibig.secondarymetabolites.org/repository/BGC0002398	Arabidopsis thaliana	3702	AT3G29430	https://identifiers.org/tair.name/AT3G29430	PC835_r17.0.0_20260203162556	superpathway of geranylgeranylpyrophosphate biosynthesis I (via mevalonate)	http://rdf-plantmetwiki.bioinformatics.nl/pathways/PC835_r17.0.0_20260203162556	direct_gene_ispartof
mibig:BGC0002398	MIBIG	https://mibig.secondarymetabolites.org/repository/BGC0002398	Arabidopsis thaliana	3702	AT3G29430	https://identifiers.org/tair.name/AT3G29430	PC859_r17.0.0_20260203162556	plaunotol biosynthesis	http://rdf-plantmetwiki.bioinformatics.nl/pathways/PC859_r17.0.0_20260203162556	direct_gene_ispartof
cluster-1	plantiSMASH	https://plantismash.bioinformatics.nl/precalc/v2/Arabidopsis_thaliana_GCF_000001735.4/#cluster-1	Arabidopsis thaliana	3702	AT1G02050	https://identifiers.org/tair.name/AT1G02050	PC247_r17.0.0_20260203162556	resveratrol biosynthesis	http://rdf-plantmetwiki.bioinformatics.nl/pathways/PC247_r17.0.0_20260203162556	direct_gene_ispartof
cluster-1	plantiSMASH	https://plantismash.bioinformatics.nl/precalc/v2/Arabidopsis_thaliana_GCF_000001735.4/#cluster-1	Arabidopsis thaliana	3702	AT1G02050	https://identifiers.org/tair.name/AT1G02050	PC348_r17.0.0_20260203162556	olivetol biosynthesis	http://rdf-plantmetwiki.bioinformatics.nl/pathways/PC348_r17.0.0_20260203162556	direct_gene_ispartof
cluster-10	plantiSMASH	https://plantismash.bioinformatics.nl/precalc/v2/Arabidopsis_thaliana_GCF_000001735.4/#cluster-10	Arabidopsis thaliana	3702	AT1G60440	https://identifiers.org/tair.name/AT1G60440	PC1036_r17.0.0_20260203162556	phosphopantothenate biosynthesis I	http://rdf-plantmetwiki.bioinformatics.nl/pathways/PC1036_r17.0.0_20260203162556	direct_gene_ispartof
cluster-10	plantiSMASH	https://plantismash.bioinformatics.nl/precalc/v2/Arabidopsis_thaliana_GCF_000001735.4/#cluster-10	Arabidopsis thaliana	3702	AT1G60440	https://identifiers.org/tair.name/AT1G60440	PC264_r17.0.0_20260203162556	superpathway of coenzyme A biosynthesis II (plants)	http://rdf-plantmetwiki.bioinformatics.nl/pathways/PC264_r17.0.0_20260203162556	direct_gene_ispartof
cluster-10	plantiSMASH	https://plantismash.bioinformatics.nl/precalc/v2/Arabidopsis_thaliana_GCF_000001735.4/#cluster-10	Arabidopsis thaliana	3702	AT1G60440	https://identifiers.org/tair.name/AT1G60440	PC275_r17.0.0_20260203162556	superpathway of pantothenate and coenzymeA biosynthesis	http://rdf-plantmetwiki.bioinformatics.nl/pathways/PC275_r17.0.0_20260203162556	direct_gene_ispartof
cluster-10	plantiSMASH	https://plantismash.bioinformatics.nl/precalc/v2/Arabidopsis_thaliana_GCF_000001735.4/#cluster-10	Arabidopsis thaliana	3702	AT1G60440	https://identifiers.org/tair.name/AT1G60440	PC412_r17.0.0_20260203162556	phosphopantothenate biosynthesis II	http://rdf-plantmetwiki.bioinformatics.nl/pathways/PC412_r17.0.0_20260203162556	direct_gene_ispartof
cluster-11	plantiSMASH	https://plantismash.bioinformatics.nl/precalc/v2/Arabidopsis_thaliana_GCF_000001735.4/#cluster-11	Arabidopsis thaliana	3702	AT1G62800	https://identifiers.org/tair.name/AT1G62800	PC1002_r17.0.0_20260203162556	C4 photosynthetic carbon assimilation cycle, PEPCK type	http://rdf-plantmetwiki.bioinformatics.nl/pathways/PC1002_r17.0.0_20260203162556	direct_gene_ispartof
cluster-11	plantiSMASH	https://plantismash.bioinformatics.nl/precalc/v2/Arabidopsis_thaliana_GCF_000001735.4/#cluster-11	Arabidopsis thaliana	3702	AT1G62800	https://identifiers.org/tair.name/AT1G62800	PC1147_r17.0.0_20260203162556	superpathway of L-threonine biosynthesis	http://rdf-plantmetwiki.bioinformatics.nl/pathways/PC1147_r17.0.0_20260203162556	direct_gene_ispartof
cluster-11	plantiSMASH	https://plantismash.bioinformatics.nl/precalc/v2/Arabidopsis_thaliana_GCF_000001735.4/#cluster-11	Arabidopsis thaliana	3702	AT1G62800	https://identifiers.org/tair.name/AT1G62800	PC645_r17.0.0_20260203162556	superpathway of L-isoleucine biosynthesis I	http://rdf-plantmetwiki.bioinformatics.nl/pathways/PC645_r17.0.0_20260203162556	direct_gene_ispartof
cluster-11	plantiSMASH	https://plantismash.bioinformatics.nl/precalc/v2/Arabidopsis_thaliana_GCF_000001735.4/#cluster-11	Arabidopsis thaliana	3702	AT1G62800	https://identifiers.org/tair.name/AT1G62800	PC90_r17.0.0_20260203162556	C4 photosynthetic carbon assimilation cycle, NAD-ME type	http://rdf-plantmetwiki.bioinformatics.nl/pathways/PC90_r17.0.0_20260203162556	direct_gene_ispartof
cluster-11	plantiSMASH	https://plantismash.bioinformatics.nl/precalc/v2/Arabidopsis_thaliana_GCF_000001735.4/#cluster-11	Arabidopsis thaliana	3702	AT1G62800	https://identifiers.org/tair.name/AT1G62800	PC992_r17.0.0_20260203162556	L-aspartate biosynthesis	http://rdf-plantmetwiki.bioinformatics.nl/pathways/PC992_r17.0.0_20260203162556	direct_gene_ispartof
cluster-12	plantiSMASH	https://plantismash.bioinformatics.nl/precalc/v2/Arabidopsis_thaliana_GCF_000001735.4/#cluster-12	Arabidopsis thaliana	3702	AT1G62940	https://identifiers.org/tair.name/AT1G62940	PC219_r17.0.0_20260203162556	sporopollenin precursors biosynthesis	http://rdf-plantmetwiki.bioinformatics.nl/pathways/PC219_r17.0.0_20260203162556	direct_gene_ispartof
cluster-12	plantiSMASH	https://plantismash.bioinformatics.nl/precalc/v2/Arabidopsis_thaliana_GCF_000001735.4/#cluster-12	Arabidopsis thaliana	3702	AT1G62940	https://identifiers.org/tair.name/AT1G62940	PC350_r17.0.0_20260203162556	long-chain fatty acid activation	http://rdf-plantmetwiki.bioinformatics.nl/pathways/PC350_r17.0.0_20260203162556	direct_gene_ispartof
cluster-12	plantiSMASH	https://plantismash.bioinformatics.nl/precalc/v2/Arabidopsis_thaliana_GCF_000001735.4/#cluster-12	Arabidopsis thaliana	3702	AT1G62940	https://identifiers.org/tair.name/AT1G62940	PC72_r17.0.0_20260203162556	wax esters biosynthesis II	http://rdf-plantmetwiki.bioinformatics.nl/pathways/PC72_r17.0.0_20260203162556	direct_gene_ispartof
cluster-12	plantiSMASH	https://plantismash.bioinformatics.nl/precalc/v2/Arabidopsis_thaliana_GCF_000001735.4/#cluster-12	Arabidopsis thaliana	3702	AT1G62940	https://identifiers.org/tair.name/AT1G62940	PC877_r17.0.0_20260203162556	alkane biosynthesis II	http://rdf-plantmetwiki.bioinformatics.nl/pathways/PC877_r17.0.0_20260203162556	direct_gene_ispartof
cluster-12	plantiSMASH	https://plantismash.bioinformatics.nl/precalc/v2/Arabidopsis_thaliana_GCF_000001735.4/#cluster-12	Arabidopsis thaliana	3702	AT1G62940	https://identifiers.org/tair.name/AT1G62940	PC954_r17.0.0_20260203162556	phosphatidylcholine acyl editing	http://rdf-plantmetwiki.bioinformatics.nl/pathways/PC954_r17.0.0_20260203162556	direct_gene_ispartof
cluster-12	plantiSMASH	https://plantismash.bioinformatics.nl/precalc/v2/Arabidopsis_thaliana_GCF_000001735.4/#cluster-12	Arabidopsis thaliana	3702	AT1G62960	https://identifiers.org/tair.name/AT1G62960	PC1002_r17.0.0_20260203162556	C4 photosynthetic carbon assimilation cycle, PEPCK type	http://rdf-plantmetwiki.bioinformatics.nl/pathways/PC1002_r17.0.0_20260203162556	direct_gene_ispartof
cluster-12	plantiSMASH	https://plantismash.bioinformatics.nl/precalc/v2/Arabidopsis_thaliana_GCF_000001735.4/#cluster-12	Arabidopsis thaliana	3702	AT1G62960	https://identifiers.org/tair.name/AT1G62960	PC1015_r17.0.0_20260203162556	L-phenylalanine degradation III	http://rdf-plantmetwiki.bioinformatics.nl/pathways/PC1015_r17.0.0_20260203162556	direct_gene_ispartof
cluster-12	plantiSMASH	https://plantismash.bioinformatics.nl/precalc/v2/Arabidopsis_thaliana_GCF_000001735.4/#cluster-12	Arabidopsis thaliana	3702	AT1G62960	https://identifiers.org/tair.name/AT1G62960	PC1147_r17.0.0_20260203162556	superpathway of L-threonine biosynthesis	http://rdf-plantmetwiki.bioinformatics.nl/pathways/PC1147_r17.0.0_20260203162556	direct_gene_ispartof
cluster-12	plantiSMASH	https://plantismash.bioinformatics.nl/precalc/v2/Arabidopsis_thaliana_GCF_000001735.4/#cluster-12	Arabidopsis thaliana	3702	AT1G62960	https://identifiers.org/tair.name/AT1G62960	PC645_r17.0.0_20260203162556	superpathway of L-isoleucine biosynthesis I	http://rdf-plantmetwiki.bioinformatics.nl/pathways/PC645_r17.0.0_20260203162556	direct_gene_ispartof
cluster-12	plantiSMASH	https://plantismash.bioinformatics.nl/precalc/v2/Arabidopsis_thaliana_GCF_000001735.4/#cluster-12	Arabidopsis thaliana	3702	AT1G62960	https://identifiers.org/tair.name/AT1G62960	PC90_r17.0.0_20260203162556	C4 photosynthetic carbon assimilation cycle, NAD-ME type	http://rdf-plantmetwiki.bioinformatics.nl/pathways/PC90_r17.0.0_20260203162556	direct_gene_ispartof
cluster-12	plantiSMASH	https://plantismash.bioinformatics.nl/precalc/v2/Arabidopsis_thaliana_GCF_000001735.4/#cluster-12	Arabidopsis thaliana	3702	AT1G62960	https://identifiers.org/tair.name/AT1G62960	PC992_r17.0.0_20260203162556	L-aspartate biosynthesis	http://rdf-plantmetwiki.bioinformatics.nl/pathways/PC992_r17.0.0_20260203162556	direct_gene_ispartof
cluster-14	plantiSMASH	https://plantismash.bioinformatics.nl/precalc/v2/Arabidopsis_thaliana_GCF_000001735.4/#cluster-14	Arabidopsis thaliana	3702	AT1G65860	https://identifiers.org/tair.name/AT1G65860	PC1048_r17.0.0_20260203162556	glucosinolate biosynthesis from homomethionine	http://rdf-plantmetwiki.bioinformatics.nl/pathways/PC1048_r17.0.0_20260203162556	direct_gene_ispartof
cluster-14	plantiSMASH	https://plantismash.bioinformatics.nl/precalc/v2/Arabidopsis_thaliana_GCF_000001735.4/#cluster-14	Arabidopsis thaliana	3702	AT1G65860	https://identifiers.org/tair.name/AT1G65860	PC1144_r17.0.0_20260203162556	glucosinolate biosynthesis from dihomomethionine	http://rdf-plantmetwiki.bioinformatics.nl/pathways/PC1144_r17.0.0_20260203162556	direct_gene_ispartof
cluster-14	plantiSMASH	https://plantismash.bioinformatics.nl/precalc/v2/Arabidopsis_thaliana_GCF_000001735.4/#cluster-14	Arabidopsis thaliana	3702	AT1G65860	https://identifiers.org/tair.name/AT1G65860	PC233_r17.0.0_20260203162556	glucosinolate biosynthesis from tetrahomomethionine	http://rdf-plantmetwiki.bioinformatics.nl/pathways/PC233_r17.0.0_20260203162556	direct_gene_ispartof
cluster-14	plantiSMASH	https://plantismash.bioinformatics.nl/precalc/v2/Arabidopsis_thaliana_GCF_000001735.4/#cluster-14	Arabidopsis thaliana	3702	AT1G65860	https://identifiers.org/tair.name/AT1G65860	PC414_r17.0.0_20260203162556	glucosinolate biosynthesis from pentahomomethionine	http://rdf-plantmetwiki.bioinformatics.nl/pathways/PC414_r17.0.0_20260203162556	direct_gene_ispartof
cluster-14	plantiSMASH	https://plantismash.bioinformatics.nl/precalc/v2/Arabidopsis_thaliana_GCF_000001735.4/#cluster-14	Arabidopsis thaliana	3702	AT1G65860	https://identifiers.org/tair.name/AT1G65860	PC450_r17.0.0_20260203162556	glucosinolate biosynthesis from hexahomomethionine	http://rdf-plantmetwiki.bioinformatics.nl/pathways/PC450_r17.0.0_20260203162556	direct_gene_ispartof
cluster-14	plantiSMASH	https://plantismash.bioinformatics.nl/precalc/v2/Arabidopsis_thaliana_GCF_000001735.4/#cluster-14	Arabidopsis thaliana	3702	AT1G65860	https://identifiers.org/tair.name/AT1G65860	PC53_r17.0.0_20260203162556	glucosinolate biosynthesis from trihomomethionine	http://rdf-plantmetwiki.bioinformatics.nl/pathways/PC53_r17.0.0_20260203162556	direct_gene_ispartof
cluster-14	plantiSMASH	https://plantismash.bioinformatics.nl/precalc/v2/Arabidopsis_thaliana_GCF_000001735.4/#cluster-14	Arabidopsis thaliana	3702	AT1G65880	https://identifiers.org/tair.name/AT1G65880	PC1086_r17.0.0_20260203162556	benzoate biosynthesis I (CoA-dependent, β-oxidative)	http://rdf-plantmetwiki.bioinformatics.nl/pathways/PC1086_r17.0.0_20260203162556	direct_gene_ispartof
cluster-15	plantiSMASH	https://plantismash.bioinformatics.nl/precalc/v2/Arabidopsis_thaliana_GCF_000001735.4/#cluster-15	Arabidopsis thaliana	3702	AT1G70310	https://identifiers.org/tair.name/AT1G70310	PC1158_r17.0.0_20260203162556	spermidine biosynthesis I	http://rdf-plantmetwiki.bioinformatics.nl/pathways/PC1158_r17.0.0_20260203162556	direct_gene_ispartof
cluster-15	plantiSMASH	https://plantismash.bioinformatics.nl/precalc/v2/Arabidopsis_thaliana_GCF_000001735.4/#cluster-15	Arabidopsis thaliana	3702	AT1G70310	https://identifiers.org/tair.name/AT1G70310	PC130_r17.0.0_20260203162556	L-methionine salvage cycle I (bacteria and plants)	http://rdf-plantmetwiki.bioinformatics.nl/pathways/PC130_r17.0.0_20260203162556	direct_gene_ispartof
cluster-15	plantiSMASH	https://plantismash.bioinformatics.nl/precalc/v2/Arabidopsis_thaliana_GCF_000001735.4/#cluster-15	Arabidopsis thaliana	3702	AT1G70310	https://identifiers.org/tair.name/AT1G70310	PC607_r17.0.0_20260203162556	superpathway of polyamine biosynthesis	http://rdf-plantmetwiki.bioinformatics.nl/pathways/PC607_r17.0.0_20260203162556	direct_gene_ispartof
cluster-15	plantiSMASH	https://plantismash.bioinformatics.nl/precalc/v2/Arabidopsis_thaliana_GCF_000001735.4/#cluster-15	Arabidopsis thaliana	3702	AT1G70310	https://identifiers.org/tair.name/AT1G70310	PC978_r17.0.0_20260203162556	superpathway of polyamine biosynthesis II	http://rdf-plantmetwiki.bioinformatics.nl/pathways/PC978_r17.0.0_20260203162556	direct_gene_ispartof
cluster-15	plantiSMASH	https://plantismash.bioinformatics.nl/precalc/v2/Arabidopsis_thaliana_GCF_000001735.4/#cluster-15	Arabidopsis thaliana	3702	AT1G70560	https://identifiers.org/tair.name/AT1G70560	PC715_r17.0.0_20260203162556	indole-3-acetate biosynthesis I	http://rdf-plantmetwiki.bioinformatics.nl/pathways/PC715_r17.0.0_20260203162556	direct_gene_ispartof
cluster-16	plantiSMASH	https://plantismash.bioinformatics.nl/precalc/v2/Arabidopsis_thaliana_GCF_000001735.4/#cluster-16	Arabidopsis thaliana	3702	AT1G73370	https://identifiers.org/tair.name/AT1G73370	PC1056_r17.0.0_20260203162556	sucrose degradation II (sucrose synthase)	http://rdf-plantmetwiki.bioinformatics.nl/pathways/PC1056_r17.0.0_20260203162556	direct_gene_ispartof
cluster-16	plantiSMASH	https://plantismash.bioinformatics.nl/precalc/v2/Arabidopsis_thaliana_GCF_000001735.4/#cluster-16	Arabidopsis thaliana	3702	AT1G73370	https://identifiers.org/tair.name/AT1G73370	PC360_r17.0.0_20260203162556	superpathway of anaerobic sucrose degradation	http://rdf-plantmetwiki.bioinformatics.nl/pathways/PC360_r17.0.0_20260203162556	direct_gene_ispartof
cluster-16	plantiSMASH	https://plantismash.bioinformatics.nl/precalc/v2/Arabidopsis_thaliana_GCF_000001735.4/#cluster-16	Arabidopsis thaliana	3702	AT1G73370	https://identifiers.org/tair.name/AT1G73370	PC526_r17.0.0_20260203162556	UDP-glucose biosynthesis (from sucrose)	http://rdf-plantmetwiki.bioinformatics.nl/pathways/PC526_r17.0.0_20260203162556	direct_gene_ispartof
cluster-17	plantiSMASH	https://plantismash.bioinformatics.nl/precalc/v2/Arabidopsis_thaliana_GCF_000001735.4/#cluster-17	Arabidopsis thaliana	3702	AT1G78440	https://identifiers.org/tair.name/AT1G78440	PC666_r17.0.0_20260203162556	gibberellin inactivation I (2β-hydroxylation)	http://rdf-plantmetwiki.bioinformatics.nl/pathways/PC666_r17.0.0_20260203162556	direct_gene_ispartof
cluster-17	plantiSMASH	https://plantismash.bioinformatics.nl/precalc/v2/Arabidopsis_thaliana_GCF_000001735.4/#cluster-17	Arabidopsis thaliana	3702	AT1G78500	https://identifiers.org/tair.name/AT1G78500	PC1093_r17.0.0_20260203162556	oleanolate biosynthesis	http://rdf-plantmetwiki.bioinformatics.nl/pathways/PC1093_r17.0.0_20260203162556	direct_gene_ispartof
cluster-17	plantiSMASH	https://plantismash.bioinformatics.nl/precalc/v2/Arabidopsis_thaliana_GCF_000001735.4/#cluster-17	Arabidopsis thaliana	3702	AT1G78500	https://identifiers.org/tair.name/AT1G78500	PC1125_r17.0.0_20260203162556	ginsenosides biosynthesis	http://rdf-plantmetwiki.bioinformatics.nl/pathways/PC1125_r17.0.0_20260203162556	direct_gene_ispartof
cluster-17	plantiSMASH	https://plantismash.bioinformatics.nl/precalc/v2/Arabidopsis_thaliana_GCF_000001735.4/#cluster-17	Arabidopsis thaliana	3702	AT1G78500	https://identifiers.org/tair.name/AT1G78500	PC173_r17.0.0_20260203162556	avenacin biosynthesis, initial reactions	http://rdf-plantmetwiki.bioinformatics.nl/pathways/PC173_r17.0.0_20260203162556	direct_gene_ispartof
cluster-17	plantiSMASH	https://plantismash.bioinformatics.nl/precalc/v2/Arabidopsis_thaliana_GCF_000001735.4/#cluster-17	Arabidopsis thaliana	3702	AT1G78500	https://identifiers.org/tair.name/AT1G78500	PC241_r17.0.0_20260203162556	superpathway of avenacin A biosynthesis	http://rdf-plantmetwiki.bioinformatics.nl/pathways/PC241_r17.0.0_20260203162556	direct_gene_ispartof
cluster-17	plantiSMASH	https://plantismash.bioinformatics.nl/precalc/v2/Arabidopsis_thaliana_GCF_000001735.4/#cluster-17	Arabidopsis thaliana	3702	AT1G78500	https://identifiers.org/tair.name/AT1G78500	PC439_r17.0.0_20260203162556	mangrove triterpenoid biosynthesis	http://rdf-plantmetwiki.bioinformatics.nl/pathways/PC439_r17.0.0_20260203162556	direct_gene_ispartof
cluster-17	plantiSMASH	https://plantismash.bioinformatics.nl/precalc/v2/Arabidopsis_thaliana_GCF_000001735.4/#cluster-17	Arabidopsis thaliana	3702	AT1G78500	https://identifiers.org/tair.name/AT1G78500	PC677_r17.0.0_20260203162556	avenacin A-1 biosynthesis	http://rdf-plantmetwiki.bioinformatics.nl/pathways/PC677_r17.0.0_20260203162556	direct_gene_ispartof
cluster-17	plantiSMASH	https://plantismash.bioinformatics.nl/precalc/v2/Arabidopsis_thaliana_GCF_000001735.4/#cluster-17	Arabidopsis thaliana	3702	AT1G78500	https://identifiers.org/tair.name/AT1G78500	PC68_r17.0.0_20260203162556	glycyrrhetinate biosynthesis	http://rdf-plantmetwiki.bioinformatics.nl/pathways/PC68_r17.0.0_20260203162556	direct_gene_ispartof
cluster-17	plantiSMASH	https://plantismash.bioinformatics.nl/precalc/v2/Arabidopsis_thaliana_GCF_000001735.4/#cluster-17	Arabidopsis thaliana	3702	AT1G78500	https://identifiers.org/tair.name/AT1G78500	PC904_r17.0.0_20260203162556	lupeol biosynthesis	http://rdf-plantmetwiki.bioinformatics.nl/pathways/PC904_r17.0.0_20260203162556	direct_gene_ispartof
cluster-17	plantiSMASH	https://plantismash.bioinformatics.nl/precalc/v2/Arabidopsis_thaliana_GCF_000001735.4/#cluster-17	Arabidopsis thaliana	3702	AT1G78500	https://identifiers.org/tair.name/AT1G78500	PC998_r17.0.0_20260203162556	soybean saponin I biosynthesis	http://rdf-plantmetwiki.bioinformatics.nl/pathways/PC998_r17.0.0_20260203162556	direct_gene_ispartof
cluster-17	plantiSMASH	https://plantismash.bioinformatics.nl/precalc/v2/Arabidopsis_thaliana_GCF_000001735.4/#cluster-17	Arabidopsis thaliana	3702	AT1G78510	https://identifiers.org/tair.name/AT1G78510	PC260_r17.0.0_20260203162556	polyisoprenoid biosynthesis	http://rdf-plantmetwiki.bioinformatics.nl/pathways/PC260_r17.0.0_20260203162556	direct_gene_ispartof
cluster-17	plantiSMASH	https://plantismash.bioinformatics.nl/precalc/v2/Arabidopsis_thaliana_GCF_000001735.4/#cluster-17	Arabidopsis thaliana	3702	AT1G78510	https://identifiers.org/tair.name/AT1G78510	PC634_r17.0.0_20260203162556	taxadiene biosynthesis (engineered)	http://rdf-plantmetwiki.bioinformatics.nl/pathways/PC634_r17.0.0_20260203162556	direct_gene_ispartof
cluster-17	plantiSMASH	https://plantismash.bioinformatics.nl/precalc/v2/Arabidopsis_thaliana_GCF_000001735.4/#cluster-17	Arabidopsis thaliana	3702	AT1G78510	https://identifiers.org/tair.name/AT1G78510	PC691_r17.0.0_20260203162556	geranylgeranyl pyrophosphate biosynthesis	http://rdf-plantmetwiki.bioinformatics.nl/pathways/PC691_r17.0.0_20260203162556	direct_gene_ispartof
cluster-17	plantiSMASH	https://plantismash.bioinformatics.nl/precalc/v2/Arabidopsis_thaliana_GCF_000001735.4/#cluster-17	Arabidopsis thaliana	3702	AT1G78510	https://identifiers.org/tair.name/AT1G78510	PC716_r17.0.0_20260203162556	nonaprenyl pyrophosphate biosynthesis II	http://rdf-plantmetwiki.bioinformatics.nl/pathways/PC716_r17.0.0_20260203162556	direct_gene_ispartof
cluster-17	plantiSMASH	https://plantismash.bioinformatics.nl/precalc/v2/Arabidopsis_thaliana_GCF_000001735.4/#cluster-17	Arabidopsis thaliana	3702	AT1G78510	https://identifiers.org/tair.name/AT1G78510	PC721_r17.0.0_20260203162556	superpathway of phylloquinol biosynthesis	http://rdf-plantmetwiki.bioinformatics.nl/pathways/PC721_r17.0.0_20260203162556	direct_gene_ispartof
cluster-17	plantiSMASH	https://plantismash.bioinformatics.nl/precalc/v2/Arabidopsis_thaliana_GCF_000001735.4/#cluster-17	Arabidopsis thaliana	3702	AT1G78510	https://identifiers.org/tair.name/AT1G78510	PC743_r17.0.0_20260203162556	superpathway of geranylgeranyl pyrophosphate biosynthesis II (via MEP)	http://rdf-plantmetwiki.bioinformatics.nl/pathways/PC743_r17.0.0_20260203162556	direct_gene_ispartof
cluster-17	plantiSMASH	https://plantismash.bioinformatics.nl/precalc/v2/Arabidopsis_thaliana_GCF_000001735.4/#cluster-17	Arabidopsis thaliana	3702	AT1G78510	https://identifiers.org/tair.name/AT1G78510	PC835_r17.0.0_20260203162556	superpathway of geranylgeranylpyrophosphate biosynthesis I (via mevalonate)	http://rdf-plantmetwiki.bioinformatics.nl/pathways/PC835_r17.0.0_20260203162556	direct_gene_ispartof
cluster-17	plantiSMASH	https://plantismash.bioinformatics.nl/precalc/v2/Arabidopsis_thaliana_GCF_000001735.4/#cluster-17	Arabidopsis thaliana	3702	AT1G78510	https://identifiers.org/tair.name/AT1G78510	PC859_r17.0.0_20260203162556	plaunotol biosynthesis	http://rdf-plantmetwiki.bioinformatics.nl/pathways/PC859_r17.0.0_20260203162556	direct_gene_ispartof
cluster-17	plantiSMASH	https://plantismash.bioinformatics.nl/precalc/v2/Arabidopsis_thaliana_GCF_000001735.4/#cluster-17	Arabidopsis thaliana	3702	AT1G78510	https://identifiers.org/tair.name/AT1G78510	PC940_r17.0.0_20260203162556	superpathway of plastoquinol biosynthesis	http://rdf-plantmetwiki.bioinformatics.nl/pathways/PC940_r17.0.0_20260203162556	direct_gene_ispartof
cluster-17	plantiSMASH	https://plantismash.bioinformatics.nl/precalc/v2/Arabidopsis_thaliana_GCF_000001735.4/#cluster-17	Arabidopsis thaliana	3702	AT1G78510	https://identifiers.org/tair.name/AT1G78510	PC985_r17.0.0_20260203162556	nonaprenyl pyrophosphate biosynthesis I	http://rdf-plantmetwiki.bioinformatics.nl/pathways/PC985_r17.0.0_20260203162556	direct_gene_ispartof
cluster-17	plantiSMASH	https://plantismash.bioinformatics.nl/precalc/v2/Arabidopsis_thaliana_GCF_000001735.4/#cluster-17	Arabidopsis thaliana	3702	AT1G78580	https://identifiers.org/tair.name/AT1G78580	PC25_r17.0.0_20260203162556	trehalose biosynthesis I	http://rdf-plantmetwiki.bioinformatics.nl/pathways/PC25_r17.0.0_20260203162556	direct_gene_ispartof
cluster-18	plantiSMASH	https://plantismash.bioinformatics.nl/precalc/v2/Arabidopsis_thaliana_GCF_000001735.4/#cluster-18	Arabidopsis thaliana	3702	AT2G11810	https://identifiers.org/tair.name/AT2G11810	PC686_r17.0.0_20260203162556	galactolipid biosynthesis I	http://rdf-plantmetwiki.bioinformatics.nl/pathways/PC686_r17.0.0_20260203162556	direct_gene_ispartof
cluster-19	plantiSMASH	https://plantismash.bioinformatics.nl/precalc/v2/Arabidopsis_thaliana_GCF_000001735.4/#cluster-19	Arabidopsis thaliana	3702	AT2G22990	https://identifiers.org/tair.name/AT2G22990	PC150_r17.0.0_20260203162556	sinapate ester biosynthesis	http://rdf-plantmetwiki.bioinformatics.nl/pathways/PC150_r17.0.0_20260203162556	direct_gene_ispartof
cluster-21	plantiSMASH	https://plantismash.bioinformatics.nl/precalc/v2/Arabidopsis_thaliana_GCF_000001735.4/#cluster-21	Arabidopsis thaliana	3702	AT2G24190	https://identifiers.org/tair.name/AT2G24190	PC132_r17.0.0_20260203162556	detoxification of reactive carbonyls in chloroplasts	http://rdf-plantmetwiki.bioinformatics.nl/pathways/PC132_r17.0.0_20260203162556	direct_gene_ispartof
cluster-21	plantiSMASH	https://plantismash.bioinformatics.nl/precalc/v2/Arabidopsis_thaliana_GCF_000001735.4/#cluster-21	Arabidopsis thaliana	3702	AT2G24190	https://identifiers.org/tair.name/AT2G24190	PC184_r17.0.0_20260203162556	traumatin and (Z)-3-hexen-1-yl acetate biosynthesis	http://rdf-plantmetwiki.bioinformatics.nl/pathways/PC184_r17.0.0_20260203162556	direct_gene_ispartof
cluster-21	plantiSMASH	https://plantismash.bioinformatics.nl/precalc/v2/Arabidopsis_thaliana_GCF_000001735.4/#cluster-21	Arabidopsis thaliana	3702	AT2G24190	https://identifiers.org/tair.name/AT2G24190	PC921_r17.0.0_20260203162556	superpathway of lipoxygenase	http://rdf-plantmetwiki.bioinformatics.nl/pathways/PC921_r17.0.0_20260203162556	direct_gene_ispartof
cluster-21	plantiSMASH	https://plantismash.bioinformatics.nl/precalc/v2/Arabidopsis_thaliana_GCF_000001735.4/#cluster-21	Arabidopsis thaliana	3702	AT2G24210	https://identifiers.org/tair.name/AT2G24210	PC1113_r17.0.0_20260203162556	superpathway of oleoresin turpentine biosynthesis	http://rdf-plantmetwiki.bioinformatics.nl/pathways/PC1113_r17.0.0_20260203162556	direct_gene_ispartof
cluster-21	plantiSMASH	https://plantismash.bioinformatics.nl/precalc/v2/Arabidopsis_thaliana_GCF_000001735.4/#cluster-21	Arabidopsis thaliana	3702	AT2G24210	https://identifiers.org/tair.name/AT2G24210	PC279_r17.0.0_20260203162556	perillyl aldehyde biosynthesis	http://rdf-plantmetwiki.bioinformatics.nl/pathways/PC279_r17.0.0_20260203162556	direct_gene_ispartof
cluster-21	plantiSMASH	https://plantismash.bioinformatics.nl/precalc/v2/Arabidopsis_thaliana_GCF_000001735.4/#cluster-21	Arabidopsis thaliana	3702	AT2G24210	https://identifiers.org/tair.name/AT2G24210	PC566_r17.0.0_20260203162556	(4R)-carvone biosynthesis	http://rdf-plantmetwiki.bioinformatics.nl/pathways/PC566_r17.0.0_20260203162556	direct_gene_ispartof
cluster-21	plantiSMASH	https://plantismash.bioinformatics.nl/precalc/v2/Arabidopsis_thaliana_GCF_000001735.4/#cluster-21	Arabidopsis thaliana	3702	AT2G24210	https://identifiers.org/tair.name/AT2G24210	PC704_r17.0.0_20260203162556	oleoresin monoterpene volatiles biosynthesis	http://rdf-plantmetwiki.bioinformatics.nl/pathways/PC704_r17.0.0_20260203162556	direct_gene_ispartof
cluster-21	plantiSMASH	https://plantismash.bioinformatics.nl/precalc/v2/Arabidopsis_thaliana_GCF_000001735.4/#cluster-21	Arabidopsis thaliana	3702	AT2G24210	https://identifiers.org/tair.name/AT2G24210	PC769_r17.0.0_20260203162556	menthol biosynthesis	http://rdf-plantmetwiki.bioinformatics.nl/pathways/PC769_r17.0.0_20260203162556	direct_gene_ispartof
cluster-21	plantiSMASH	https://plantismash.bioinformatics.nl/precalc/v2/Arabidopsis_thaliana_GCF_000001735.4/#cluster-21	Arabidopsis thaliana	3702	AT2G24210	https://identifiers.org/tair.name/AT2G24210	PC812_r17.0.0_20260203162556	monoterpene biosynthesis	http://rdf-plantmetwiki.bioinformatics.nl/pathways/PC812_r17.0.0_20260203162556	direct_gene_ispartof
cluster-21	plantiSMASH	https://plantismash.bioinformatics.nl/precalc/v2/Arabidopsis_thaliana_GCF_000001735.4/#cluster-21	Arabidopsis thaliana	3702	AT2G24210	https://identifiers.org/tair.name/AT2G24210	PC855_r17.0.0_20260203162556	fenchol biosynthesis II	http://rdf-plantmetwiki.bioinformatics.nl/pathways/PC855_r17.0.0_20260203162556	direct_gene_ispartof
cluster-24	plantiSMASH	https://plantismash.bioinformatics.nl/precalc/v2/Arabidopsis_thaliana_GCF_000001735.4/#cluster-24	Arabidopsis thaliana	3702	AT2G29690	https://identifiers.org/tair.name/AT2G29690	PC445_r17.0.0_20260203162556	L-tryptophan biosynthesis	http://rdf-plantmetwiki.bioinformatics.nl/pathways/PC445_r17.0.0_20260203162556	direct_gene_ispartof
cluster-24	plantiSMASH	https://plantismash.bioinformatics.nl/precalc/v2/Arabidopsis_thaliana_GCF_000001735.4/#cluster-24	Arabidopsis thaliana	3702	AT2G29690	https://identifiers.org/tair.name/AT2G29690	PC65_r17.0.0_20260203162556	acridone alkaloid biosynthesis	http://rdf-plantmetwiki.bioinformatics.nl/pathways/PC65_r17.0.0_20260203162556	direct_gene_ispartof
cluster-24	plantiSMASH	https://plantismash.bioinformatics.nl/precalc/v2/Arabidopsis_thaliana_GCF_000001735.4/#cluster-24	Arabidopsis thaliana	3702	AT2G29730	https://identifiers.org/tair.name/AT2G29730	PC152_r17.0.0_20260203162556	rutin biosynthesis	http://rdf-plantmetwiki.bioinformatics.nl/pathways/PC152_r17.0.0_20260203162556	direct_gene_ispartof
cluster-24	plantiSMASH	https://plantismash.bioinformatics.nl/precalc/v2/Arabidopsis_thaliana_GCF_000001735.4/#cluster-24	Arabidopsis thaliana	3702	AT2G29730	https://identifiers.org/tair.name/AT2G29730	PC332_r17.0.0_20260203162556	superpathway of flavones and derivatives biosynthesis	http://rdf-plantmetwiki.bioinformatics.nl/pathways/PC332_r17.0.0_20260203162556	direct_gene_ispartof
cluster-24	plantiSMASH	https://plantismash.bioinformatics.nl/precalc/v2/Arabidopsis_thaliana_GCF_000001735.4/#cluster-24	Arabidopsis thaliana	3702	AT2G29730	https://identifiers.org/tair.name/AT2G29730	PC356_r17.0.0_20260203162556	quercetin glucoside biosynthesis (Allium)	http://rdf-plantmetwiki.bioinformatics.nl/pathways/PC356_r17.0.0_20260203162556	direct_gene_ispartof
cluster-24	plantiSMASH	https://plantismash.bioinformatics.nl/precalc/v2/Arabidopsis_thaliana_GCF_000001735.4/#cluster-24	Arabidopsis thaliana	3702	AT2G29730	https://identifiers.org/tair.name/AT2G29730	PC420_r17.0.0_20260203162556	flavonol acylglucoside biosynthesis III-quercetin derivatives	http://rdf-plantmetwiki.bioinformatics.nl/pathways/PC420_r17.0.0_20260203162556	direct_gene_ispartof
cluster-24	plantiSMASH	https://plantismash.bioinformatics.nl/precalc/v2/Arabidopsis_thaliana_GCF_000001735.4/#cluster-24	Arabidopsis thaliana	3702	AT2G29730	https://identifiers.org/tair.name/AT2G29730	PC446_r17.0.0_20260203162556	quercetin triglucoside biosynthesis	http://rdf-plantmetwiki.bioinformatics.nl/pathways/PC446_r17.0.0_20260203162556	direct_gene_ispartof
cluster-24	plantiSMASH	https://plantismash.bioinformatics.nl/precalc/v2/Arabidopsis_thaliana_GCF_000001735.4/#cluster-24	Arabidopsis thaliana	3702	AT2G29730	https://identifiers.org/tair.name/AT2G29730	PC50_r17.0.0_20260203162556	superpathway of flavones and derivatives biosynthesis	http://rdf-plantmetwiki.bioinformatics.nl/pathways/PC50_r17.0.0_20260203162556	direct_gene_ispartof
cluster-24	plantiSMASH	https://plantismash.bioinformatics.nl/precalc/v2/Arabidopsis_thaliana_GCF_000001735.4/#cluster-24	Arabidopsis thaliana	3702	AT2G29730	https://identifiers.org/tair.name/AT2G29730	PC675_r17.0.0_20260203162556	quercetin glycoside biosynthesis (Arabidopsis)	http://rdf-plantmetwiki.bioinformatics.nl/pathways/PC675_r17.0.0_20260203162556	direct_gene_ispartof
cluster-24	plantiSMASH	https://plantismash.bioinformatics.nl/precalc/v2/Arabidopsis_thaliana_GCF_000001735.4/#cluster-24	Arabidopsis thaliana	3702	AT2G29730	https://identifiers.org/tair.name/AT2G29730	PC870_r17.0.0_20260203162556	flavonol glucosylation I	http://rdf-plantmetwiki.bioinformatics.nl/pathways/PC870_r17.0.0_20260203162556	direct_gene_ispartof
cluster-24	plantiSMASH	https://plantismash.bioinformatics.nl/precalc/v2/Arabidopsis_thaliana_GCF_000001735.4/#cluster-24	Arabidopsis thaliana	3702	AT2G29730	https://identifiers.org/tair.name/AT2G29730	PC900_r17.0.0_20260203162556	quercetin gentiotetraside biosynthesis	http://rdf-plantmetwiki.bioinformatics.nl/pathways/PC900_r17.0.0_20260203162556	direct_gene_ispartof
cluster-24	plantiSMASH	https://plantismash.bioinformatics.nl/precalc/v2/Arabidopsis_thaliana_GCF_000001735.4/#cluster-24	Arabidopsis thaliana	3702	AT2G29740	https://identifiers.org/tair.name/AT2G29740	PC1026_r17.0.0_20260203162556	eupatolitin 3-O-glucoside biosynthesis	http://rdf-plantmetwiki.bioinformatics.nl/pathways/PC1026_r17.0.0_20260203162556	direct_gene_ispartof
cluster-24	plantiSMASH	https://plantismash.bioinformatics.nl/precalc/v2/Arabidopsis_thaliana_GCF_000001735.4/#cluster-24	Arabidopsis thaliana	3702	AT2G29740	https://identifiers.org/tair.name/AT2G29740	PC152_r17.0.0_20260203162556	rutin biosynthesis	http://rdf-plantmetwiki.bioinformatics.nl/pathways/PC152_r17.0.0_20260203162556	direct_gene_ispartof
cluster-24	plantiSMASH	https://plantismash.bioinformatics.nl/precalc/v2/Arabidopsis_thaliana_GCF_000001735.4/#cluster-24	Arabidopsis thaliana	3702	AT2G29740	https://identifiers.org/tair.name/AT2G29740	PC332_r17.0.0_20260203162556	superpathway of flavones and derivatives biosynthesis	http://rdf-plantmetwiki.bioinformatics.nl/pathways/PC332_r17.0.0_20260203162556	direct_gene_ispartof
cluster-24	plantiSMASH	https://plantismash.bioinformatics.nl/precalc/v2/Arabidopsis_thaliana_GCF_000001735.4/#cluster-24	Arabidopsis thaliana	3702	AT2G29740	https://identifiers.org/tair.name/AT2G29740	PC356_r17.0.0_20260203162556	quercetin glucoside biosynthesis (Allium)	http://rdf-plantmetwiki.bioinformatics.nl/pathways/PC356_r17.0.0_20260203162556	direct_gene_ispartof
cluster-24	plantiSMASH	https://plantismash.bioinformatics.nl/precalc/v2/Arabidopsis_thaliana_GCF_000001735.4/#cluster-24	Arabidopsis thaliana	3702	AT2G29740	https://identifiers.org/tair.name/AT2G29740	PC420_r17.0.0_20260203162556	flavonol acylglucoside biosynthesis III-quercetin derivatives	http://rdf-plantmetwiki.bioinformatics.nl/pathways/PC420_r17.0.0_20260203162556	direct_gene_ispartof
cluster-24	plantiSMASH	https://plantismash.bioinformatics.nl/precalc/v2/Arabidopsis_thaliana_GCF_000001735.4/#cluster-24	Arabidopsis thaliana	3702	AT2G29740	https://identifiers.org/tair.name/AT2G29740	PC446_r17.0.0_20260203162556	quercetin triglucoside biosynthesis	http://rdf-plantmetwiki.bioinformatics.nl/pathways/PC446_r17.0.0_20260203162556	direct_gene_ispartof
cluster-24	plantiSMASH	https://plantismash.bioinformatics.nl/precalc/v2/Arabidopsis_thaliana_GCF_000001735.4/#cluster-24	Arabidopsis thaliana	3702	AT2G29740	https://identifiers.org/tair.name/AT2G29740	PC50_r17.0.0_20260203162556	superpathway of flavones and derivatives biosynthesis	http://rdf-plantmetwiki.bioinformatics.nl/pathways/PC50_r17.0.0_20260203162556	direct_gene_ispartof
cluster-24	plantiSMASH	https://plantismash.bioinformatics.nl/precalc/v2/Arabidopsis_thaliana_GCF_000001735.4/#cluster-24	Arabidopsis thaliana	3702	AT2G29740	https://identifiers.org/tair.name/AT2G29740	PC675_r17.0.0_20260203162556	quercetin glycoside biosynthesis (Arabidopsis)	http://rdf-plantmetwiki.bioinformatics.nl/pathways/PC675_r17.0.0_20260203162556	direct_gene_ispartof
cluster-24	plantiSMASH	https://plantismash.bioinformatics.nl/precalc/v2/Arabidopsis_thaliana_GCF_000001735.4/#cluster-24	Arabidopsis thaliana	3702	AT2G29740	https://identifiers.org/tair.name/AT2G29740	PC870_r17.0.0_20260203162556	flavonol glucosylation I	http://rdf-plantmetwiki.bioinformatics.nl/pathways/PC870_r17.0.0_20260203162556	direct_gene_ispartof
cluster-24	plantiSMASH	https://plantismash.bioinformatics.nl/precalc/v2/Arabidopsis_thaliana_GCF_000001735.4/#cluster-24	Arabidopsis thaliana	3702	AT2G29740	https://identifiers.org/tair.name/AT2G29740	PC900_r17.0.0_20260203162556	quercetin gentiotetraside biosynthesis	http://rdf-plantmetwiki.bioinformatics.nl/pathways/PC900_r17.0.0_20260203162556	direct_gene_ispartof
cluster-24	plantiSMASH	https://plantismash.bioinformatics.nl/precalc/v2/Arabidopsis_thaliana_GCF_000001735.4/#cluster-24	Arabidopsis thaliana	3702	AT2G29750	https://identifiers.org/tair.name/AT2G29750	PC1026_r17.0.0_20260203162556	eupatolitin 3-O-glucoside biosynthesis	http://rdf-plantmetwiki.bioinformatics.nl/pathways/PC1026_r17.0.0_20260203162556	direct_gene_ispartof
cluster-24	plantiSMASH	https://plantismash.bioinformatics.nl/precalc/v2/Arabidopsis_thaliana_GCF_000001735.4/#cluster-24	Arabidopsis thaliana	3702	AT2G29750	https://identifiers.org/tair.name/AT2G29750	PC332_r17.0.0_20260203162556	superpathway of flavones and derivatives biosynthesis	http://rdf-plantmetwiki.bioinformatics.nl/pathways/PC332_r17.0.0_20260203162556	direct_gene_ispartof
cluster-24	plantiSMASH	https://plantismash.bioinformatics.nl/precalc/v2/Arabidopsis_thaliana_GCF_000001735.4/#cluster-24	Arabidopsis thaliana	3702	AT2G29750	https://identifiers.org/tair.name/AT2G29750	PC356_r17.0.0_20260203162556	quercetin glucoside biosynthesis (Allium)	http://rdf-plantmetwiki.bioinformatics.nl/pathways/PC356_r17.0.0_20260203162556	direct_gene_ispartof
cluster-24	plantiSMASH	https://plantismash.bioinformatics.nl/precalc/v2/Arabidopsis_thaliana_GCF_000001735.4/#cluster-24	Arabidopsis thaliana	3702	AT2G29750	https://identifiers.org/tair.name/AT2G29750	PC50_r17.0.0_20260203162556	superpathway of flavones and derivatives biosynthesis	http://rdf-plantmetwiki.bioinformatics.nl/pathways/PC50_r17.0.0_20260203162556	direct_gene_ispartof
cluster-24	plantiSMASH	https://plantismash.bioinformatics.nl/precalc/v2/Arabidopsis_thaliana_GCF_000001735.4/#cluster-24	Arabidopsis thaliana	3702	AT2G29750	https://identifiers.org/tair.name/AT2G29750	PC675_r17.0.0_20260203162556	quercetin glycoside biosynthesis (Arabidopsis)	http://rdf-plantmetwiki.bioinformatics.nl/pathways/PC675_r17.0.0_20260203162556	direct_gene_ispartof
cluster-25	plantiSMASH	https://plantismash.bioinformatics.nl/precalc/v2/Arabidopsis_thaliana_GCF_000001735.4/#cluster-25	Arabidopsis thaliana	3702	AT2G31750	https://identifiers.org/tair.name/AT2G31750	PC146_r17.0.0_20260203162556	superpathway of indole-3-acetate conjugate biosynthesis	http://rdf-plantmetwiki.bioinformatics.nl/pathways/PC146_r17.0.0_20260203162556	direct_gene_ispartof
cluster-25	plantiSMASH	https://plantismash.bioinformatics.nl/precalc/v2/Arabidopsis_thaliana_GCF_000001735.4/#cluster-25	Arabidopsis thaliana	3702	AT2G31750	https://identifiers.org/tair.name/AT2G31750	PC86_r17.0.0_20260203162556	indole-3-acetate inactivation IX	http://rdf-plantmetwiki.bioinformatics.nl/pathways/PC86_r17.0.0_20260203162556	direct_gene_ispartof
cluster-28	plantiSMASH	https://plantismash.bioinformatics.nl/precalc/v2/Arabidopsis_thaliana_GCF_000001735.4/#cluster-28	Arabidopsis thaliana	3702	AT2G44490	https://identifiers.org/tair.name/AT2G44490	PC778_r17.0.0_20260203162556	indole glucosinolate activation (intact plant cell)	http://rdf-plantmetwiki.bioinformatics.nl/pathways/PC778_r17.0.0_20260203162556	direct_gene_ispartof
cluster-3	plantiSMASH	https://plantismash.bioinformatics.nl/precalc/v2/Arabidopsis_thaliana_GCF_000001735.4/#cluster-3	Arabidopsis thaliana	3702	AT1G23740	https://identifiers.org/tair.name/AT1G23740	PC132_r17.0.0_20260203162556	detoxification of reactive carbonyls in chloroplasts	http://rdf-plantmetwiki.bioinformatics.nl/pathways/PC132_r17.0.0_20260203162556	direct_gene_ispartof
cluster-3	plantiSMASH	https://plantismash.bioinformatics.nl/precalc/v2/Arabidopsis_thaliana_GCF_000001735.4/#cluster-3	Arabidopsis thaliana	3702	AT1G23820	https://identifiers.org/tair.name/AT1G23820	PC1158_r17.0.0_20260203162556	spermidine biosynthesis I	http://rdf-plantmetwiki.bioinformatics.nl/pathways/PC1158_r17.0.0_20260203162556	direct_gene_ispartof
cluster-3	plantiSMASH	https://plantismash.bioinformatics.nl/precalc/v2/Arabidopsis_thaliana_GCF_000001735.4/#cluster-3	Arabidopsis thaliana	3702	AT1G23820	https://identifiers.org/tair.name/AT1G23820	PC130_r17.0.0_20260203162556	L-methionine salvage cycle I (bacteria and plants)	http://rdf-plantmetwiki.bioinformatics.nl/pathways/PC130_r17.0.0_20260203162556	direct_gene_ispartof
cluster-3	plantiSMASH	https://plantismash.bioinformatics.nl/precalc/v2/Arabidopsis_thaliana_GCF_000001735.4/#cluster-3	Arabidopsis thaliana	3702	AT1G23820	https://identifiers.org/tair.name/AT1G23820	PC607_r17.0.0_20260203162556	superpathway of polyamine biosynthesis	http://rdf-plantmetwiki.bioinformatics.nl/pathways/PC607_r17.0.0_20260203162556	direct_gene_ispartof
cluster-3	plantiSMASH	https://plantismash.bioinformatics.nl/precalc/v2/Arabidopsis_thaliana_GCF_000001735.4/#cluster-3	Arabidopsis thaliana	3702	AT1G23820	https://identifiers.org/tair.name/AT1G23820	PC978_r17.0.0_20260203162556	superpathway of polyamine biosynthesis II	http://rdf-plantmetwiki.bioinformatics.nl/pathways/PC978_r17.0.0_20260203162556	direct_gene_ispartof
cluster-31	plantiSMASH	https://plantismash.bioinformatics.nl/precalc/v2/Arabidopsis_thaliana_GCF_000001735.4/#cluster-31	Arabidopsis thaliana	3702	AT3G13730	https://identifiers.org/tair.name/AT3G13730	PC113_r17.0.0_20260203162556	superpathway of C28 brassinosteroid biosynthesis	http://rdf-plantmetwiki.bioinformatics.nl/pathways/PC113_r17.0.0_20260203162556	direct_gene_ispartof
cluster-31	plantiSMASH	https://plantismash.bioinformatics.nl/precalc/v2/Arabidopsis_thaliana_GCF_000001735.4/#cluster-31	Arabidopsis thaliana	3702	AT3G13730	https://identifiers.org/tair.name/AT3G13730	PC561_r17.0.0_20260203162556	brassinolide biosynthesis II	http://rdf-plantmetwiki.bioinformatics.nl/pathways/PC561_r17.0.0_20260203162556	direct_gene_ispartof
cluster-31	plantiSMASH	https://plantismash.bioinformatics.nl/precalc/v2/Arabidopsis_thaliana_GCF_000001735.4/#cluster-31	Arabidopsis thaliana	3702	AT3G13730	https://identifiers.org/tair.name/AT3G13730	PC858_r17.0.0_20260203162556	brassinolide biosynthesis I	http://rdf-plantmetwiki.bioinformatics.nl/pathways/PC858_r17.0.0_20260203162556	direct_gene_ispartof
cluster-34	plantiSMASH	https://plantismash.bioinformatics.nl/precalc/v2/Arabidopsis_thaliana_GCF_000001735.4/#cluster-34	Arabidopsis thaliana	3702	AT3G29200	https://identifiers.org/tair.name/AT3G29200	PC180_r17.0.0_20260203162556	superpathway of L-phenylalanine and L-tyrosine biosynthesis	http://rdf-plantmetwiki.bioinformatics.nl/pathways/PC180_r17.0.0_20260203162556	direct_gene_ispartof
cluster-34	plantiSMASH	https://plantismash.bioinformatics.nl/precalc/v2/Arabidopsis_thaliana_GCF_000001735.4/#cluster-34	Arabidopsis thaliana	3702	AT3G29200	https://identifiers.org/tair.name/AT3G29200	PC246_r17.0.0_20260203162556	L-phenylalanine biosynthesis II	http://rdf-plantmetwiki.bioinformatics.nl/pathways/PC246_r17.0.0_20260203162556	direct_gene_ispartof
cluster-34	plantiSMASH	https://plantismash.bioinformatics.nl/precalc/v2/Arabidopsis_thaliana_GCF_000001735.4/#cluster-34	Arabidopsis thaliana	3702	AT3G29200	https://identifiers.org/tair.name/AT3G29200	PC896_r17.0.0_20260203162556	L-tyrosine biosynthesis II	http://rdf-plantmetwiki.bioinformatics.nl/pathways/PC896_r17.0.0_20260203162556	direct_gene_ispartof
cluster-34	plantiSMASH	https://plantismash.bioinformatics.nl/precalc/v2/Arabidopsis_thaliana_GCF_000001735.4/#cluster-34	Arabidopsis thaliana	3702	AT3G29200	https://identifiers.org/tair.name/AT3G29200	PC932_r17.0.0_20260203162556	L-tyrosine biosynthesis III	http://rdf-plantmetwiki.bioinformatics.nl/pathways/PC932_r17.0.0_20260203162556	direct_gene_ispartof
cluster-35	plantiSMASH	https://plantismash.bioinformatics.nl/precalc/v2/Arabidopsis_thaliana_GCF_000001735.4/#cluster-35	Arabidopsis thaliana	3702	AT3G29430	https://identifiers.org/tair.name/AT3G29430	PC634_r17.0.0_20260203162556	taxadiene biosynthesis (engineered)	http://rdf-plantmetwiki.bioinformatics.nl/pathways/PC634_r17.0.0_20260203162556	direct_gene_ispartof
cluster-35	plantiSMASH	https://plantismash.bioinformatics.nl/precalc/v2/Arabidopsis_thaliana_GCF_000001735.4/#cluster-35	Arabidopsis thaliana	3702	AT3G29430	https://identifiers.org/tair.name/AT3G29430	PC691_r17.0.0_20260203162556	geranylgeranyl pyrophosphate biosynthesis	http://rdf-plantmetwiki.bioinformatics.nl/pathways/PC691_r17.0.0_20260203162556	direct_gene_ispartof
cluster-35	plantiSMASH	https://plantismash.bioinformatics.nl/precalc/v2/Arabidopsis_thaliana_GCF_000001735.4/#cluster-35	Arabidopsis thaliana	3702	AT3G29430	https://identifiers.org/tair.name/AT3G29430	PC721_r17.0.0_20260203162556	superpathway of phylloquinol biosynthesis	http://rdf-plantmetwiki.bioinformatics.nl/pathways/PC721_r17.0.0_20260203162556	direct_gene_ispartof
cluster-35	plantiSMASH	https://plantismash.bioinformatics.nl/precalc/v2/Arabidopsis_thaliana_GCF_000001735.4/#cluster-35	Arabidopsis thaliana	3702	AT3G29430	https://identifiers.org/tair.name/AT3G29430	PC743_r17.0.0_20260203162556	superpathway of geranylgeranyl pyrophosphate biosynthesis II (via MEP)	http://rdf-plantmetwiki.bioinformatics.nl/pathways/PC743_r17.0.0_20260203162556	direct_gene_ispartof
cluster-35	plantiSMASH	https://plantismash.bioinformatics.nl/precalc/v2/Arabidopsis_thaliana_GCF_000001735.4/#cluster-35	Arabidopsis thaliana	3702	AT3G29430	https://identifiers.org/tair.name/AT3G29430	PC835_r17.0.0_20260203162556	superpathway of geranylgeranylpyrophosphate biosynthesis I (via mevalonate)	http://rdf-plantmetwiki.bioinformatics.nl/pathways/PC835_r17.0.0_20260203162556	direct_gene_ispartof
cluster-35	plantiSMASH	https://plantismash.bioinformatics.nl/precalc/v2/Arabidopsis_thaliana_GCF_000001735.4/#cluster-35	Arabidopsis thaliana	3702	AT3G29430	https://identifiers.org/tair.name/AT3G29430	PC859_r17.0.0_20260203162556	plaunotol biosynthesis	http://rdf-plantmetwiki.bioinformatics.nl/pathways/PC859_r17.0.0_20260203162556	direct_gene_ispartof
cluster-37	plantiSMASH	https://plantismash.bioinformatics.nl/precalc/v2/Arabidopsis_thaliana_GCF_000001735.4/#cluster-37	Arabidopsis thaliana	3702	AT3G32040	https://identifiers.org/tair.name/AT3G32040	PC634_r17.0.0_20260203162556	taxadiene biosynthesis (engineered)	http://rdf-plantmetwiki.bioinformatics.nl/pathways/PC634_r17.0.0_20260203162556	direct_gene_ispartof
cluster-37	plantiSMASH	https://plantismash.bioinformatics.nl/precalc/v2/Arabidopsis_thaliana_GCF_000001735.4/#cluster-37	Arabidopsis thaliana	3702	AT3G32040	https://identifiers.org/tair.name/AT3G32040	PC691_r17.0.0_20260203162556	geranylgeranyl pyrophosphate biosynthesis	http://rdf-plantmetwiki.bioinformatics.nl/pathways/PC691_r17.0.0_20260203162556	direct_gene_ispartof
cluster-37	plantiSMASH	https://plantismash.bioinformatics.nl/precalc/v2/Arabidopsis_thaliana_GCF_000001735.4/#cluster-37	Arabidopsis thaliana	3702	AT3G32040	https://identifiers.org/tair.name/AT3G32040	PC721_r17.0.0_20260203162556	superpathway of phylloquinol biosynthesis	http://rdf-plantmetwiki.bioinformatics.nl/pathways/PC721_r17.0.0_20260203162556	direct_gene_ispartof
cluster-37	plantiSMASH	https://plantismash.bioinformatics.nl/precalc/v2/Arabidopsis_thaliana_GCF_000001735.4/#cluster-37	Arabidopsis thaliana	3702	AT3G32040	https://identifiers.org/tair.name/AT3G32040	PC743_r17.0.0_20260203162556	superpathway of geranylgeranyl pyrophosphate biosynthesis II (via MEP)	http://rdf-plantmetwiki.bioinformatics.nl/pathways/PC743_r17.0.0_20260203162556	direct_gene_ispartof
cluster-37	plantiSMASH	https://plantismash.bioinformatics.nl/precalc/v2/Arabidopsis_thaliana_GCF_000001735.4/#cluster-37	Arabidopsis thaliana	3702	AT3G32040	https://identifiers.org/tair.name/AT3G32040	PC835_r17.0.0_20260203162556	superpathway of geranylgeranylpyrophosphate biosynthesis I (via mevalonate)	http://rdf-plantmetwiki.bioinformatics.nl/pathways/PC835_r17.0.0_20260203162556	direct_gene_ispartof
cluster-37	plantiSMASH	https://plantismash.bioinformatics.nl/precalc/v2/Arabidopsis_thaliana_GCF_000001735.4/#cluster-37	Arabidopsis thaliana	3702	AT3G32040	https://identifiers.org/tair.name/AT3G32040	PC859_r17.0.0_20260203162556	plaunotol biosynthesis	http://rdf-plantmetwiki.bioinformatics.nl/pathways/PC859_r17.0.0_20260203162556	direct_gene_ispartof
cluster-38	plantiSMASH	https://plantismash.bioinformatics.nl/precalc/v2/Arabidopsis_thaliana_GCF_000001735.4/#cluster-38	Arabidopsis thaliana	3702	AT3G45130	https://identifiers.org/tair.name/AT3G45130	PC1155_r17.0.0_20260203162556	cholesterol biosynthesis I	http://rdf-plantmetwiki.bioinformatics.nl/pathways/PC1155_r17.0.0_20260203162556	direct_gene_ispartof
cluster-38	plantiSMASH	https://plantismash.bioinformatics.nl/precalc/v2/Arabidopsis_thaliana_GCF_000001735.4/#cluster-38	Arabidopsis thaliana	3702	AT3G45130	https://identifiers.org/tair.name/AT3G45130	PC387_r17.0.0_20260203162556	lanosterol biosynthesis	http://rdf-plantmetwiki.bioinformatics.nl/pathways/PC387_r17.0.0_20260203162556	direct_gene_ispartof
cluster-4	plantiSMASH	https://plantismash.bioinformatics.nl/precalc/v2/Arabidopsis_thaliana_GCF_000001735.4/#cluster-4	Arabidopsis thaliana	3702	AT1G24100	https://identifiers.org/tair.name/AT1G24100	PC1048_r17.0.0_20260203162556	glucosinolate biosynthesis from homomethionine	http://rdf-plantmetwiki.bioinformatics.nl/pathways/PC1048_r17.0.0_20260203162556	direct_gene_ispartof
cluster-4	plantiSMASH	https://plantismash.bioinformatics.nl/precalc/v2/Arabidopsis_thaliana_GCF_000001735.4/#cluster-4	Arabidopsis thaliana	3702	AT1G24100	https://identifiers.org/tair.name/AT1G24100	PC1144_r17.0.0_20260203162556	glucosinolate biosynthesis from dihomomethionine	http://rdf-plantmetwiki.bioinformatics.nl/pathways/PC1144_r17.0.0_20260203162556	direct_gene_ispartof
cluster-4	plantiSMASH	https://plantismash.bioinformatics.nl/precalc/v2/Arabidopsis_thaliana_GCF_000001735.4/#cluster-4	Arabidopsis thaliana	3702	AT1G24100	https://identifiers.org/tair.name/AT1G24100	PC233_r17.0.0_20260203162556	glucosinolate biosynthesis from tetrahomomethionine	http://rdf-plantmetwiki.bioinformatics.nl/pathways/PC233_r17.0.0_20260203162556	direct_gene_ispartof
cluster-4	plantiSMASH	https://plantismash.bioinformatics.nl/precalc/v2/Arabidopsis_thaliana_GCF_000001735.4/#cluster-4	Arabidopsis thaliana	3702	AT1G24100	https://identifiers.org/tair.name/AT1G24100	PC414_r17.0.0_20260203162556	glucosinolate biosynthesis from pentahomomethionine	http://rdf-plantmetwiki.bioinformatics.nl/pathways/PC414_r17.0.0_20260203162556	direct_gene_ispartof
cluster-4	plantiSMASH	https://plantismash.bioinformatics.nl/precalc/v2/Arabidopsis_thaliana_GCF_000001735.4/#cluster-4	Arabidopsis thaliana	3702	AT1G24100	https://identifiers.org/tair.name/AT1G24100	PC450_r17.0.0_20260203162556	glucosinolate biosynthesis from hexahomomethionine	http://rdf-plantmetwiki.bioinformatics.nl/pathways/PC450_r17.0.0_20260203162556	direct_gene_ispartof
cluster-4	plantiSMASH	https://plantismash.bioinformatics.nl/precalc/v2/Arabidopsis_thaliana_GCF_000001735.4/#cluster-4	Arabidopsis thaliana	3702	AT1G24100	https://identifiers.org/tair.name/AT1G24100	PC53_r17.0.0_20260203162556	glucosinolate biosynthesis from trihomomethionine	http://rdf-plantmetwiki.bioinformatics.nl/pathways/PC53_r17.0.0_20260203162556	direct_gene_ispartof
cluster-4	plantiSMASH	https://plantismash.bioinformatics.nl/precalc/v2/Arabidopsis_thaliana_GCF_000001735.4/#cluster-4	Arabidopsis thaliana	3702	AT1G24100	https://identifiers.org/tair.name/AT1G24100	PC722_r17.0.0_20260203162556	glucosinolate biosynthesis from tryptophan	http://rdf-plantmetwiki.bioinformatics.nl/pathways/PC722_r17.0.0_20260203162556	direct_gene_ispartof
cluster-4	plantiSMASH	https://plantismash.bioinformatics.nl/precalc/v2/Arabidopsis_thaliana_GCF_000001735.4/#cluster-4	Arabidopsis thaliana	3702	AT1G24100	https://identifiers.org/tair.name/AT1G24100	PC913_r17.0.0_20260203162556	glucosinolate biosynthesis from phenylalanine	http://rdf-plantmetwiki.bioinformatics.nl/pathways/PC913_r17.0.0_20260203162556	direct_gene_ispartof
cluster-42	plantiSMASH	https://plantismash.bioinformatics.nl/precalc/v2/Arabidopsis_thaliana_GCF_000001735.4/#cluster-42	Arabidopsis thaliana	3702	AT3G57050	https://identifiers.org/tair.name/AT3G57050	PC664_r17.0.0_20260203162556	homocysteine and cysteine interconversion	http://rdf-plantmetwiki.bioinformatics.nl/pathways/PC664_r17.0.0_20260203162556	direct_gene_ispartof
cluster-46	plantiSMASH	https://plantismash.bioinformatics.nl/precalc/v2/Arabidopsis_thaliana_GCF_000001735.4/#cluster-46	Arabidopsis thaliana	3702	AT4G15280	https://identifiers.org/tair.name/AT4G15280	PC152_r17.0.0_20260203162556	rutin biosynthesis	http://rdf-plantmetwiki.bioinformatics.nl/pathways/PC152_r17.0.0_20260203162556	direct_gene_ispartof
cluster-46	plantiSMASH	https://plantismash.bioinformatics.nl/precalc/v2/Arabidopsis_thaliana_GCF_000001735.4/#cluster-46	Arabidopsis thaliana	3702	AT4G15280	https://identifiers.org/tair.name/AT4G15280	PC332_r17.0.0_20260203162556	superpathway of flavones and derivatives biosynthesis	http://rdf-plantmetwiki.bioinformatics.nl/pathways/PC332_r17.0.0_20260203162556	direct_gene_ispartof
cluster-46	plantiSMASH	https://plantismash.bioinformatics.nl/precalc/v2/Arabidopsis_thaliana_GCF_000001735.4/#cluster-46	Arabidopsis thaliana	3702	AT4G15280	https://identifiers.org/tair.name/AT4G15280	PC356_r17.0.0_20260203162556	quercetin glucoside biosynthesis (Allium)	http://rdf-plantmetwiki.bioinformatics.nl/pathways/PC356_r17.0.0_20260203162556	direct_gene_ispartof
cluster-46	plantiSMASH	https://plantismash.bioinformatics.nl/precalc/v2/Arabidopsis_thaliana_GCF_000001735.4/#cluster-46	Arabidopsis thaliana	3702	AT4G15280	https://identifiers.org/tair.name/AT4G15280	PC420_r17.0.0_20260203162556	flavonol acylglucoside biosynthesis III-quercetin derivatives	http://rdf-plantmetwiki.bioinformatics.nl/pathways/PC420_r17.0.0_20260203162556	direct_gene_ispartof
cluster-46	plantiSMASH	https://plantismash.bioinformatics.nl/precalc/v2/Arabidopsis_thaliana_GCF_000001735.4/#cluster-46	Arabidopsis thaliana	3702	AT4G15280	https://identifiers.org/tair.name/AT4G15280	PC446_r17.0.0_20260203162556	quercetin triglucoside biosynthesis	http://rdf-plantmetwiki.bioinformatics.nl/pathways/PC446_r17.0.0_20260203162556	direct_gene_ispartof
cluster-46	plantiSMASH	https://plantismash.bioinformatics.nl/precalc/v2/Arabidopsis_thaliana_GCF_000001735.4/#cluster-46	Arabidopsis thaliana	3702	AT4G15280	https://identifiers.org/tair.name/AT4G15280	PC50_r17.0.0_20260203162556	superpathway of flavones and derivatives biosynthesis	http://rdf-plantmetwiki.bioinformatics.nl/pathways/PC50_r17.0.0_20260203162556	direct_gene_ispartof
cluster-46	plantiSMASH	https://plantismash.bioinformatics.nl/precalc/v2/Arabidopsis_thaliana_GCF_000001735.4/#cluster-46	Arabidopsis thaliana	3702	AT4G15280	https://identifiers.org/tair.name/AT4G15280	PC675_r17.0.0_20260203162556	quercetin glycoside biosynthesis (Arabidopsis)	http://rdf-plantmetwiki.bioinformatics.nl/pathways/PC675_r17.0.0_20260203162556	direct_gene_ispartof
cluster-46	plantiSMASH	https://plantismash.bioinformatics.nl/precalc/v2/Arabidopsis_thaliana_GCF_000001735.4/#cluster-46	Arabidopsis thaliana	3702	AT4G15280	https://identifiers.org/tair.name/AT4G15280	PC870_r17.0.0_20260203162556	flavonol glucosylation I	http://rdf-plantmetwiki.bioinformatics.nl/pathways/PC870_r17.0.0_20260203162556	direct_gene_ispartof
cluster-46	plantiSMASH	https://plantismash.bioinformatics.nl/precalc/v2/Arabidopsis_thaliana_GCF_000001735.4/#cluster-46	Arabidopsis thaliana	3702	AT4G15280	https://identifiers.org/tair.name/AT4G15280	PC900_r17.0.0_20260203162556	quercetin gentiotetraside biosynthesis	http://rdf-plantmetwiki.bioinformatics.nl/pathways/PC900_r17.0.0_20260203162556	direct_gene_ispartof
cluster-46	plantiSMASH	https://plantismash.bioinformatics.nl/precalc/v2/Arabidopsis_thaliana_GCF_000001735.4/#cluster-46	Arabidopsis thaliana	3702	AT4G15340	https://identifiers.org/tair.name/AT4G15340	PC169_r17.0.0_20260203162556	(3E)-4,8-dimethylnona-1,3,7-triene biosynthesis II	http://rdf-plantmetwiki.bioinformatics.nl/pathways/PC169_r17.0.0_20260203162556	direct_gene_ispartof
cluster-46	plantiSMASH	https://plantismash.bioinformatics.nl/precalc/v2/Arabidopsis_thaliana_GCF_000001735.4/#cluster-46	Arabidopsis thaliana	3702	AT4G15370	https://identifiers.org/tair.name/AT4G15370	PC888_r17.0.0_20260203162556	baruol biosynthesis	http://rdf-plantmetwiki.bioinformatics.nl/pathways/PC888_r17.0.0_20260203162556	direct_gene_ispartof
cluster-47	plantiSMASH	https://plantismash.bioinformatics.nl/precalc/v2/Arabidopsis_thaliana_GCF_000001735.4/#cluster-47	Arabidopsis thaliana	3702	AT4G16700	https://identifiers.org/tair.name/AT4G16700	PC1160_r17.0.0_20260203162556	superpathway of phospholipid biosynthesis II (plants)	http://rdf-plantmetwiki.bioinformatics.nl/pathways/PC1160_r17.0.0_20260203162556	direct_gene_ispartof
cluster-47	plantiSMASH	https://plantismash.bioinformatics.nl/precalc/v2/Arabidopsis_thaliana_GCF_000001735.4/#cluster-47	Arabidopsis thaliana	3702	AT4G16700	https://identifiers.org/tair.name/AT4G16700	PC950_r17.0.0_20260203162556	phosphatidylserine and phosphatidylethanolamine biosynthesis I	http://rdf-plantmetwiki.bioinformatics.nl/pathways/PC950_r17.0.0_20260203162556	direct_gene_ispartof
cluster-47	plantiSMASH	https://plantismash.bioinformatics.nl/precalc/v2/Arabidopsis_thaliana_GCF_000001735.4/#cluster-47	Arabidopsis thaliana	3702	AT4G16740	https://identifiers.org/tair.name/AT4G16740	PC437_r17.0.0_20260203162556	farnesene biosynthesis	http://rdf-plantmetwiki.bioinformatics.nl/pathways/PC437_r17.0.0_20260203162556	direct_gene_ispartof
cluster-47	plantiSMASH	https://plantismash.bioinformatics.nl/precalc/v2/Arabidopsis_thaliana_GCF_000001735.4/#cluster-47	Arabidopsis thaliana	3702	AT4G16740	https://identifiers.org/tair.name/AT4G16740	PC812_r17.0.0_20260203162556	monoterpene biosynthesis	http://rdf-plantmetwiki.bioinformatics.nl/pathways/PC812_r17.0.0_20260203162556	direct_gene_ispartof
cluster-49	plantiSMASH	https://plantismash.bioinformatics.nl/precalc/v2/Arabidopsis_thaliana_GCF_000001735.4/#cluster-49	Arabidopsis thaliana	3702	AT4G20870	https://identifiers.org/tair.name/AT4G20870	PC203_r17.0.0_20260203162556	sphingolipid biosynthesis (plants)	http://rdf-plantmetwiki.bioinformatics.nl/pathways/PC203_r17.0.0_20260203162556	direct_gene_ispartof
cluster-50	plantiSMASH	https://plantismash.bioinformatics.nl/precalc/v2/Arabidopsis_thaliana_GCF_000001735.4/#cluster-50	Arabidopsis thaliana	3702	AT4G23600	https://identifiers.org/tair.name/AT4G23600	PC664_r17.0.0_20260203162556	homocysteine and cysteine interconversion	http://rdf-plantmetwiki.bioinformatics.nl/pathways/PC664_r17.0.0_20260203162556	direct_gene_ispartof
cluster-51	plantiSMASH	https://plantismash.bioinformatics.nl/precalc/v2/Arabidopsis_thaliana_GCF_000001735.4/#cluster-51	Arabidopsis thaliana	3702	AT5G17030	https://identifiers.org/tair.name/AT5G17030	PC152_r17.0.0_20260203162556	rutin biosynthesis	http://rdf-plantmetwiki.bioinformatics.nl/pathways/PC152_r17.0.0_20260203162556	direct_gene_ispartof
cluster-51	plantiSMASH	https://plantismash.bioinformatics.nl/precalc/v2/Arabidopsis_thaliana_GCF_000001735.4/#cluster-51	Arabidopsis thaliana	3702	AT5G17030	https://identifiers.org/tair.name/AT5G17030	PC332_r17.0.0_20260203162556	superpathway of flavones and derivatives biosynthesis	http://rdf-plantmetwiki.bioinformatics.nl/pathways/PC332_r17.0.0_20260203162556	direct_gene_ispartof
cluster-51	plantiSMASH	https://plantismash.bioinformatics.nl/precalc/v2/Arabidopsis_thaliana_GCF_000001735.4/#cluster-51	Arabidopsis thaliana	3702	AT5G17030	https://identifiers.org/tair.name/AT5G17030	PC356_r17.0.0_20260203162556	quercetin glucoside biosynthesis (Allium)	http://rdf-plantmetwiki.bioinformatics.nl/pathways/PC356_r17.0.0_20260203162556	direct_gene_ispartof
cluster-51	plantiSMASH	https://plantismash.bioinformatics.nl/precalc/v2/Arabidopsis_thaliana_GCF_000001735.4/#cluster-51	Arabidopsis thaliana	3702	AT5G17030	https://identifiers.org/tair.name/AT5G17030	PC420_r17.0.0_20260203162556	flavonol acylglucoside biosynthesis III-quercetin derivatives	http://rdf-plantmetwiki.bioinformatics.nl/pathways/PC420_r17.0.0_20260203162556	direct_gene_ispartof
cluster-51	plantiSMASH	https://plantismash.bioinformatics.nl/precalc/v2/Arabidopsis_thaliana_GCF_000001735.4/#cluster-51	Arabidopsis thaliana	3702	AT5G17030	https://identifiers.org/tair.name/AT5G17030	PC446_r17.0.0_20260203162556	quercetin triglucoside biosynthesis	http://rdf-plantmetwiki.bioinformatics.nl/pathways/PC446_r17.0.0_20260203162556	direct_gene_ispartof
cluster-51	plantiSMASH	https://plantismash.bioinformatics.nl/precalc/v2/Arabidopsis_thaliana_GCF_000001735.4/#cluster-51	Arabidopsis thaliana	3702	AT5G17030	https://identifiers.org/tair.name/AT5G17030	PC50_r17.0.0_20260203162556	superpathway of flavones and derivatives biosynthesis	http://rdf-plantmetwiki.bioinformatics.nl/pathways/PC50_r17.0.0_20260203162556	direct_gene_ispartof
cluster-51	plantiSMASH	https://plantismash.bioinformatics.nl/precalc/v2/Arabidopsis_thaliana_GCF_000001735.4/#cluster-51	Arabidopsis thaliana	3702	AT5G17030	https://identifiers.org/tair.name/AT5G17030	PC675_r17.0.0_20260203162556	quercetin glycoside biosynthesis (Arabidopsis)	http://rdf-plantmetwiki.bioinformatics.nl/pathways/PC675_r17.0.0_20260203162556	direct_gene_ispartof
cluster-51	plantiSMASH	https://plantismash.bioinformatics.nl/precalc/v2/Arabidopsis_thaliana_GCF_000001735.4/#cluster-51	Arabidopsis thaliana	3702	AT5G17030	https://identifiers.org/tair.name/AT5G17030	PC870_r17.0.0_20260203162556	flavonol glucosylation I	http://rdf-plantmetwiki.bioinformatics.nl/pathways/PC870_r17.0.0_20260203162556	direct_gene_ispartof
cluster-51	plantiSMASH	https://plantismash.bioinformatics.nl/precalc/v2/Arabidopsis_thaliana_GCF_000001735.4/#cluster-51	Arabidopsis thaliana	3702	AT5G17030	https://identifiers.org/tair.name/AT5G17030	PC900_r17.0.0_20260203162556	quercetin gentiotetraside biosynthesis	http://rdf-plantmetwiki.bioinformatics.nl/pathways/PC900_r17.0.0_20260203162556	direct_gene_ispartof
cluster-52	plantiSMASH	https://plantismash.bioinformatics.nl/precalc/v2/Arabidopsis_thaliana_GCF_000001735.4/#cluster-52	Arabidopsis thaliana	3702	AT5G23960	https://identifiers.org/tair.name/AT5G23960	PC1113_r17.0.0_20260203162556	superpathway of oleoresin turpentine biosynthesis	http://rdf-plantmetwiki.bioinformatics.nl/pathways/PC1113_r17.0.0_20260203162556	direct_gene_ispartof
cluster-52	plantiSMASH	https://plantismash.bioinformatics.nl/precalc/v2/Arabidopsis_thaliana_GCF_000001735.4/#cluster-52	Arabidopsis thaliana	3702	AT5G23960	https://identifiers.org/tair.name/AT5G23960	PC1137_r17.0.0_20260203162556	zerumbone biosynthesis	http://rdf-plantmetwiki.bioinformatics.nl/pathways/PC1137_r17.0.0_20260203162556	direct_gene_ispartof
cluster-52	plantiSMASH	https://plantismash.bioinformatics.nl/precalc/v2/Arabidopsis_thaliana_GCF_000001735.4/#cluster-52	Arabidopsis thaliana	3702	AT5G23960	https://identifiers.org/tair.name/AT5G23960	PC781_r17.0.0_20260203162556	β-caryophyllene biosynthesis	http://rdf-plantmetwiki.bioinformatics.nl/pathways/PC781_r17.0.0_20260203162556	direct_gene_ispartof
cluster-52	plantiSMASH	https://plantismash.bioinformatics.nl/precalc/v2/Arabidopsis_thaliana_GCF_000001735.4/#cluster-52	Arabidopsis thaliana	3702	AT5G23960	https://identifiers.org/tair.name/AT5G23960	PC929_r17.0.0_20260203162556	oleoresin sesquiterpene volatiles biosynthesis	http://rdf-plantmetwiki.bioinformatics.nl/pathways/PC929_r17.0.0_20260203162556	direct_gene_ispartof
cluster-52	plantiSMASH	https://plantismash.bioinformatics.nl/precalc/v2/Arabidopsis_thaliana_GCF_000001735.4/#cluster-52	Arabidopsis thaliana	3702	AT5G23980	https://identifiers.org/tair.name/AT5G23980	PC254_r17.0.0_20260203162556	iron reduction and absorption	http://rdf-plantmetwiki.bioinformatics.nl/pathways/PC254_r17.0.0_20260203162556	direct_gene_ispartof
cluster-57	plantiSMASH	https://plantismash.bioinformatics.nl/precalc/v2/Arabidopsis_thaliana_GCF_000001735.4/#cluster-57	Arabidopsis thaliana	3702	AT5G42600	https://identifiers.org/tair.name/AT5G42600	PC1079_r17.0.0_20260203162556	marneral biosynthesis	http://rdf-plantmetwiki.bioinformatics.nl/pathways/PC1079_r17.0.0_20260203162556	direct_gene_ispartof
cluster-6	plantiSMASH	https://plantismash.bioinformatics.nl/precalc/v2/Arabidopsis_thaliana_GCF_000001735.4/#cluster-6	Arabidopsis thaliana	3702	AT1G30520	https://identifiers.org/tair.name/AT1G30520	PC382_r17.0.0_20260203162556	2-carboxy-1,4-naphthoquinol biosynthesis	http://rdf-plantmetwiki.bioinformatics.nl/pathways/PC382_r17.0.0_20260203162556	direct_gene_ispartof
cluster-6	plantiSMASH	https://plantismash.bioinformatics.nl/precalc/v2/Arabidopsis_thaliana_GCF_000001735.4/#cluster-6	Arabidopsis thaliana	3702	AT1G30520	https://identifiers.org/tair.name/AT1G30520	PC512_r17.0.0_20260203162556	1,4-dihydroxy-2-naphthoate biosynthesis II (plants)	http://rdf-plantmetwiki.bioinformatics.nl/pathways/PC512_r17.0.0_20260203162556	direct_gene_ispartof
cluster-6	plantiSMASH	https://plantismash.bioinformatics.nl/precalc/v2/Arabidopsis_thaliana_GCF_000001735.4/#cluster-6	Arabidopsis thaliana	3702	AT1G30520	https://identifiers.org/tair.name/AT1G30520	PC721_r17.0.0_20260203162556	superpathway of phylloquinol biosynthesis	http://rdf-plantmetwiki.bioinformatics.nl/pathways/PC721_r17.0.0_20260203162556	direct_gene_ispartof
cluster-60	plantiSMASH	https://plantismash.bioinformatics.nl/precalc/v2/Arabidopsis_thaliana_GCF_000001735.4/#cluster-60	Arabidopsis thaliana	3702	AT5G47990	https://identifiers.org/tair.name/AT5G47990	PC800_r17.0.0_20260203162556	thalianol and derivatives biosynthesis	http://rdf-plantmetwiki.bioinformatics.nl/pathways/PC800_r17.0.0_20260203162556	direct_gene_ispartof
cluster-60	plantiSMASH	https://plantismash.bioinformatics.nl/precalc/v2/Arabidopsis_thaliana_GCF_000001735.4/#cluster-60	Arabidopsis thaliana	3702	AT5G48000	https://identifiers.org/tair.name/AT5G48000	PC800_r17.0.0_20260203162556	thalianol and derivatives biosynthesis	http://rdf-plantmetwiki.bioinformatics.nl/pathways/PC800_r17.0.0_20260203162556	direct_gene_ispartof
cluster-60	plantiSMASH	https://plantismash.bioinformatics.nl/precalc/v2/Arabidopsis_thaliana_GCF_000001735.4/#cluster-60	Arabidopsis thaliana	3702	AT5G48010	https://identifiers.org/tair.name/AT5G48010	PC800_r17.0.0_20260203162556	thalianol and derivatives biosynthesis	http://rdf-plantmetwiki.bioinformatics.nl/pathways/PC800_r17.0.0_20260203162556	direct_gene_ispartof
cluster-63	plantiSMASH	https://plantismash.bioinformatics.nl/precalc/v2/Arabidopsis_thaliana_GCF_000001735.4/#cluster-63	Arabidopsis thaliana	3702	AT5G57220	https://identifiers.org/tair.name/AT5G57220	PC722_r17.0.0_20260203162556	glucosinolate biosynthesis from tryptophan	http://rdf-plantmetwiki.bioinformatics.nl/pathways/PC722_r17.0.0_20260203162556	direct_gene_ispartof
cluster-63	plantiSMASH	https://plantismash.bioinformatics.nl/precalc/v2/Arabidopsis_thaliana_GCF_000001735.4/#cluster-63	Arabidopsis thaliana	3702	AT5G57220	https://identifiers.org/tair.name/AT5G57220	PC778_r17.0.0_20260203162556	indole glucosinolate activation (intact plant cell)	http://rdf-plantmetwiki.bioinformatics.nl/pathways/PC778_r17.0.0_20260203162556	direct_gene_ispartof
cluster-8	plantiSMASH	https://plantismash.bioinformatics.nl/precalc/v2/Arabidopsis_thaliana_GCF_000001735.4/#cluster-8	Arabidopsis thaliana	3702	AT1G49430	https://identifiers.org/tair.name/AT1G49430	PC350_r17.0.0_20260203162556	long-chain fatty acid activation	http://rdf-plantmetwiki.bioinformatics.nl/pathways/PC350_r17.0.0_20260203162556	direct_gene_ispartof
cluster-8	plantiSMASH	https://plantismash.bioinformatics.nl/precalc/v2/Arabidopsis_thaliana_GCF_000001735.4/#cluster-8	Arabidopsis thaliana	3702	AT1G49430	https://identifiers.org/tair.name/AT1G49430	PC72_r17.0.0_20260203162556	wax esters biosynthesis II	http://rdf-plantmetwiki.bioinformatics.nl/pathways/PC72_r17.0.0_20260203162556	direct_gene_ispartof
cluster-8	plantiSMASH	https://plantismash.bioinformatics.nl/precalc/v2/Arabidopsis_thaliana_GCF_000001735.4/#cluster-8	Arabidopsis thaliana	3702	AT1G49430	https://identifiers.org/tair.name/AT1G49430	PC736_r17.0.0_20260203162556	palmitate biosynthesis II (type II fatty acid synthase)	http://rdf-plantmetwiki.bioinformatics.nl/pathways/PC736_r17.0.0_20260203162556	direct_gene_ispartof
cluster-8	plantiSMASH	https://plantismash.bioinformatics.nl/precalc/v2/Arabidopsis_thaliana_GCF_000001735.4/#cluster-8	Arabidopsis thaliana	3702	AT1G49430	https://identifiers.org/tair.name/AT1G49430	PC838_r17.0.0_20260203162556	superpathway of fatty acid biosynthesis II (plant)	http://rdf-plantmetwiki.bioinformatics.nl/pathways/PC838_r17.0.0_20260203162556	direct_gene_ispartof
cluster-8	plantiSMASH	https://plantismash.bioinformatics.nl/precalc/v2/Arabidopsis_thaliana_GCF_000001735.4/#cluster-8	Arabidopsis thaliana	3702	AT1G49430	https://identifiers.org/tair.name/AT1G49430	PC877_r17.0.0_20260203162556	alkane biosynthesis II	http://rdf-plantmetwiki.bioinformatics.nl/pathways/PC877_r17.0.0_20260203162556	direct_gene_ispartof
cluster-8	plantiSMASH	https://plantismash.bioinformatics.nl/precalc/v2/Arabidopsis_thaliana_GCF_000001735.4/#cluster-8	Arabidopsis thaliana	3702	AT1G49430	https://identifiers.org/tair.name/AT1G49430	PC954_r17.0.0_20260203162556	phosphatidylcholine acyl editing	http://rdf-plantmetwiki.bioinformatics.nl/pathways/PC954_r17.0.0_20260203162556	direct_gene_ispartof
cluster-8	plantiSMASH	https://plantismash.bioinformatics.nl/precalc/v2/Arabidopsis_thaliana_GCF_000001735.4/#cluster-8	Arabidopsis thaliana	3702	AT1G49430	https://identifiers.org/tair.name/AT1G49430	PC966_r17.0.0_20260203162556	oleate biosynthesis I (plants)	http://rdf-plantmetwiki.bioinformatics.nl/pathways/PC966_r17.0.0_20260203162556	direct_gene_ispartof
